Anderson,Palestine
Andrews,Andrews
Angelina,Lufkin
Aransas,Corpus Christi
Archer,Archer City
Armstrong,Claude
Atascosa,Pleasanton
Austin,Sealy
Bailey,Muleshoe
Bandera,Lakehills
Bastrop,Elgin
Baylor,Seymour
Bee,Beeville
Bell,Killeen
Bexar,San Antonio
Blanco,Johnson City
Borden,Gail
Bosque,Clifton
Bowie,Texarkana
Brazoria,Pearland
Brazos,College Station
Brewster,Alpine
Briscoe,Silverton
Brooks,Falfurrias
Brown,Brownwood
Burleson,Caldwell
Burnet,Marble Falls
Caldwell,San Marcos
Calhoun,Port Lavaca
Callahan,Clyde
Cameron,Brownsville
Camp,Pittsburg
Carson,Panhandle
Cass,Atlanta
Castro,Dimmitt
Chambers,Mont Belvieu
Cherokee,Jacksonville
Childress,Childress
Clay,Henrietta
Cochran,Morton
Coke,Robert Lee
Coleman,Coleman
Collin,Plano
Collingsworth,Wellington
Colorado,Columbus
Comal,New Braunfels
Comanche,Comanche
Concho,Eden
Cooke,Gainesville
Coryell,Copperas Cove
Cottle,Paducah
Crane,Crane
Crockett,Ozona
Crosby,Ralls
Culberson,Van Horn
Dallam,Dalhart
Dallas,Dallas
Dawson,Lamesa
Deaf Smith,Hereford
Delta,Cooper
Denton,Denton
DeWitt,Cuero
Dickens,Spur
Dimmit,Carrizo Springs
Donley,Clarendon
Duval,San Diego
Eastland,Cisco
Ector,Odessa
Edwards,Rocksprings
Ellis,Waxahachie
El Paso,El Paso
Erath,Stephenville
Falls,Marlin
Fannin,Bonham
Fayette,La Grange
Fisher,Rotan
Floyd,Floydada
Foard,Crowell
Fort Bend,Sugar Land
Franklin,Mount Vernon
Freestone,Teague
Frio,Pearsall
Gaines,Seminole
Galveston,League City
Garza,Post
Gillespie,Fredericksburg
Glasscock,Garden City
Goliad,Goliad
Gonzales,Gonzales
Gray,Pampa
Grayson,Sherman
Gregg,Longview
Grimes,Navasota
Guadalupe,New Braunfels
Hale,Plainview
Hall,Memphis
Hamilton,Hamilton
Hansford,Spearman
Hardeman,Quanah
Hardin,Lumberton
Harris,Houston
Harrison,Marshall
Hartley,Dalhart
Haskell,Haskell
Hays,San Marcos
Hemphill,Canadian
Henderson,Athens
Hidalgo,McAllen
Hill,Hillsboro
Hockley,Levelland
Hood,Granbury
Hopkins,Sulphur Springs
Houston,Crockett
Howard,Big Spring
Hudspeth,Fort Hancock
Hunt,Greenville
Hutchinson,Borger
Irion,Mertzon
Jack,Jacksboro
Jackson,Edna
Jasper,Jasper
Jeff Davis,Fort Davis
Jefferson,Beaumont
Jim Hogg,Hebbronville
Jim Wells,Alice
Johnson,Cleburne
Jones,Stamford
Karnes,Kenedy
Kaufman,Forney
Kendall,Boerne
Kenedy,Sarita
Kent,Jayton
Kerr,Kerrville
Kimble,Junction
King,Guthrie
Kinney,Brackettville
Kleberg,Kingsville
Knox,Munday
Lamar,Paris
Lamb,Littlefield
Lampasas,Lampasas
La Salle,Cotulla
Lavaca,Hallettsville
Lee,Giddings
Leon,Buffalo
Liberty,Dayton
Limestone,Mexia
Lipscomb,Booker
Live Oak,George West
Llano,Kingsland
Loving,Mentone
Lubbock,Lubbock
Lynn,Tahoka
McCulloch,Brady
McLennan,Waco
McMullen,Tilden
Madison,Madisonville
Marion,Jefferson
Martin,Stanton
Mason,Mason
Matagorda,Bay City
Maverick,Eagle Pass
Medina,Hondo
Menard,Menard
Midland,Midland
Milam,Rockdale
Mills,Goldthwaite
Mitchell,Colorado City
Montague,Bowie
Montgomery,The Woodlands
Moore,Dumas
Morris,Daingerfield
Motley,Matador
Nacogdoches,Nacogdoches
Navarro,Corsicana
Newton,Newton
Nolan,Sweetwater
Nueces,Corpus Christi
Ochiltree,Perryton
Oldham,Vega
Orange,Orange
Palo Pinto,Mineral Wells
Panola,Carthage
Parker,Weatherford
Parmer,Friona
Pecos,Fort Stockton
Polk,West Livingston
Potter,Amarillo
Presidio,Presidio
Rains,Emory
Randall,Amarillo
Reagan,Big Lake
Real,Camp Wood
Red River,Clarksville
Reeves,Pecos
Refugio,Refugio
Roberts,Miami
Robertson,Hearne
Rockwall,Dallas
Runnels,Ballinger
Rusk,Henderson
Sabine,Milam
San Augustine,San Augustine
San Jacinto,Shepherd
San Patricio,Corpus Christi
San Saba,San Saba
Schleicher,Eldorado
Scurry,Snyder
Shackelford,Albany
Shelby,Center
Sherman,Stratford
Smith,Tyler
Somervell,Glen Rose
Starr,Rio Grande City
Stephens,Breckenridge
Sterling,Sterling City
Stonewall,Aspermont
Sutton,Sonora
Swisher,Tulia
Tarrant,Fort Worth
Taylor,Abilene
Terrell,Sanderson
Terry,Brownfield
Throckmorton,Throckmorton
Titus,Mount Pleasant
Tom Green,San Angelo
Travis,Austin
Trinity,Trinity
Tyler,Woodville
Upshur,Gladewater
Upton,McCamey
Uvalde,Uvalde
Val Verde,Del Rio
Van Zandt,Canton
Victoria,Victoria
Walker,Huntsville
Waller,Prairie View
Ward,Monahans
Washington,Brenham
Webb,Laredo
Wharton,El Campo
Wheeler,Shamrock
Wichita,Wichita Falls
Wilbarger,Vernon
Willacy,Raymondville
Williamson,Round Rock
Wilson,Floresville
Winkler,Kermit
Wise,Decatur
Wood,Mineola
Yoakum,Denver City
Young,Graham
Zapata,Zapata
Zavala,Crystal City
