3LW CIVIL LLC|(512)496-9703|3LW@3LWCIVIL.COM
A GREATER AUSTIN DEVELOPMENT COMPAN|(512)310-9300|BIDS@GAD.CO
A. K. GILLIS & SONS, LLC|(903)885-3124|SLITTLE@AKGILLIS.COM
A. L. HELMCAMP, INC|(903)626-5911|ESTIMATING@ALHELMCAMP.COM
AARON CONCRETE CONTRACTORS, LLC|(512)926-7326|QUOTE@AARONCONCRETE.COM
ACME BRIDGE COMPANY, INC|(830)620-4770|INFO@ACMEBRIDGE.COM
ACME CONCRETE PAVING, INC|(509)242-1234|BDAY@ACMECPI.COM
ALLEN KELLER COMPANY|(830)997-2118|JBRANDENBERGER@ALLENKELLERCO.COM
ALTUS CONSTRUCTION LLC|469-575-609|INFO@ALTUSCOMPANY.COM
ANDERSON COLUMBIA CO., INC|(386)752-7585|TXEST@ANDERSONCOLUMBIA.COM
ARANDA BROTHERS CONSTRUCTION CO., I|281-330-722|ARANDABID@GMAIL.COM
AUSTIN ENGINEERING CO., INC|(512)327-1464|PNEWTON@AECOI.NET
BALFOUR BEATTY INFRASTRUCTURE, INC.|(512)707-0797|BBIISW@BBIIUS.COM
BAY LTD|(361)693-2100|BEALM@BAYLTD.COM
BIG CREEK CONSTRUCTION, LTD|(254)662-3100|QUOTES@BIGCREEKCONSTRUCTION.COM
BLACKSMITH VENTURES LLC|(940)507-1680|BLACKSMITHVENTURES20@GMAIL.COM
BONTKE BROTHERS CONSTRUCTION COMPAN|(325)677-6276|BONTKEBROS@GMAIL.COM
BRANNAN PAVING CO., LTD|(361)573-3130|ROBYNRATCLIFFE@BRANNANPAVING.COM
BRAZOS PAVING, INC|(979)822-7605|B.PREWITT@BPITX.COM
BUILT RIGHT CONSTRUCTION OF OKLAHOM|(918)548-3766|RICHARD@BUILTRIGHTOK.COM
CAPITAL EXCAVATION COMPANY|(512)440-1717|ESTIMATING@CAPITALEXCAVATION.COM
CK NEWBERRY, LLC|(830)217-9256|TPENA@CKNEWBERRY.COM
CLARK CONSTRUCTION OF TEXAS, INC|(210)661-6785|CHAD@CLARKPAVE.COM
COPPELL CONSTRUCTION CO., INC|(940)995-3101|TWEGER@COPPELLCONST.COM
CORNERSTONE PAVING AND CONSTRUCTION|(979)836-1105|DAVID@CORPAVING.COM
CROSS PLUS CONSTRUCTION, LLC|(254)848-2244|CROSSPLUSOFFICE@YAHOO.COM
DAN WILLIAMS COMPANY|(512)320-1410|DWILLIAMS@DANWILLIAMSCOMPANY.COM
DEAN WORD COMPANY, LTD|(830)606-5000|CONTRACTOR@DEANWORD.COM
DREWERY CONSTRUCTION COMPANY, INCOR|(936)560-1534|DREWERYWHEATON@GMAIL.COM
DUININCK, INC|(817)491-0946|RCDUININCK@DUININCK.COM
DUNN SERVICES, INC|(361)275-3952|INFO@DUNNSERVICES.NET
DURWOOD GREENE CONSTRUCTION CO|(281)499-1551|SMAYNARD@DURWOODGREENE.COM
E-Z BEL CONSTRUCTION, LLC|(210)736-6595|SPARK@EZBEL.COM
EARTH BUILDERS, L.P|(940)627-0686|ESTIMATING@EARTHBUILDERS.NET
EAST TEXAS BRIDGE, INC|(903)553-9669|ALAN@ETBRIDGE.COM
ED BELL CONSTRUCTION COMPANY|(214)358-6581|ESTIMATING@EDBELLCONSTRUCTION.COM
ELECNOR BELCO ELECTRIC, INC|(909)993-5470|JWONG@ELECNOR.COM
ENVIRONMENTAL ALLIES, INC|(281)442-4112|INFO@ENVIRONMENTALALLIES.COM
EUROVIA ATLANTIC COAST LLC|(817)430-0552|TEXASBIDS@EUROVIA.US
FLATIRON CONSTRUCTORS, INC|(512)916-9260|TEXAS@FLATIRONCORP.COM
FNF CONSTRUCTION, INC|(480)784-2910|BIDS@FNFINC.COM
FNH CONSTRUCTION, LLC|(469)248-0301|CANDACE@FNHCONSTRUCTION.COM
FORDE CONSTRUCTION COMPANY, INC|(713)466-0511|PFORDE@FORDECONST.COM
FOREMOST PAVING, INC|(956)316-8900|LETTING@FPITEX.COM
FOUTSCO PAVING COMPANY, LLC|(940)222-1012|LFOUTS@FOUTSCOPAVING.COM
GIBSON & ASSOCIATES, INC|(972)557-1199|ESTIMATING@GIBSONASSOC.NET
GILVIN-TERRILL, LTD|(806)944-5200|RAYMOND@GILVINT.COM
GRANITE CONSTRUCTION COMPANY|(831)722-2716|GC.ESTIMATING@GCINC.COM
H. L. ZUMWALT CONSTRUCTION, INC|(210)695-3541|MARCIA@HLZUMWALT.COM
HARPER BROTHERS CONSTRUCTION LLC|(713)893-4593|BIDS@HARPERBRO.COM
HAYDEN PAVING, INC|281-855-771|LETDELUNA@HAYDENPAVING.COM
HODGES AND SON CONSTRUCTION COMPANY|(903)884-2326|HODGESANDSON@AOL.COM
HUNTER INDUSTRIES, LTD|(512)353-7757|CARTER@HUNTERIND.COM
HUNTER INDUSTRIES, LTD. / ANDERSON.||EST.TXH@prim.com
ICON GC, LLC|(713)858-9878|KEITH@ICONTX.COM
INDUS ROAD & BRIDGE, INC|(972)241-1756|INDUS@INDUSRB.COM
IOC COMPANY LLC|(956)380-2897|IOCCOMPANY@IOCCOMPANY.COM
ISI CONTRACTING, INC|(281)233-8000|MBROWNE@INFRASTRUCTURE-INC.COM
J. CARROLL WEAVER, INC|(361)364-1569|ADMIN@JCARROLLWEAVERINC.COM
J. H. STRAIN & SONS, INC|(325)692-0067|STEVE@JHSTRAIN.COM
J. LEE MILLIGAN, INC|(806)373-4386|HALAN@ARN.NET
JAGOE-PUBLIC COMPANY|(940)382-2581|ESTIMATING@JAGOEPUBLIC.COM
JAMES CONSTRUCTION GROUP, LLC|(281)350-3500|==No Email Found==
JAMES HAMILTON CONSTRUCTION CO|(505)388-1546|JHCC@DIGNPAVE.COM
JAY MILLS CONTRACTING, INCORPORATED|(254)965-6657|ESTIMATING@JMCTX.COM
JOHN REED AND COMPANY, LLC|(713)785-8917|JOHN@JRCLTD.NET
JONES BROS. DIRT & PAVING CONTRACTO|(432)332-0721|ESTIMATING@JONESDP.COM
JORDAN FOSTER CONSTRUCTION, LLC|(915)877-3333|JGOODRICH@JORDANFOSTERCONSTRUCTION.COM
KIEWIT INFRASTRUCTURE SOUTH CO|(817)337-7000|JEFF.WHITEHEAD@KIEWIT.COM
KNIFE RIVER CORPORATION - SOUTH|(979)361-2900|CTXESTIMATOR@KNIFERIVER.COM
L A FULLER & SONS CONSTRUCTION, LTD|(806)373-6049|JOSH.FULLER@FULLERANDSONS.COM
L. S. EQUIPMENT CO., INC|(903)657-1555|LSEQUIP@SUDDENLINKMAIL.COM
LARRY YOUNG PAVING, INC|(979)823-4888|M.SCHINZLER@LARRYYOUNGPAVING.COM
LONE STAR SITEWORK, LLC|(512)393-1582|MEGAN@LONESTARSITEWORK.COM
LONGVIEW BRIDGE AND ROAD, LTD|(903)663-0264|ESTIMATING@LONGVIEWBRIDGE.COM
MADDEN CONTRACTING COMPANY, LLC|(318)377-0928|PGULLEY@MADDENCONTRACTING.COM
MAIN LANE INDUSTRIES LTD|(713)896-3141|ANTHONY.COLUMBO@MC2CIVIL.COM
MBN ENTERPRISES LLC|832-475-108|ANAREJO@MBNLIMITED.COM
MPB, INC|830-634-300|MPBINC@MPBINC.COM
NBG CONSTRUCTORS, INC|(281)495-0842|SANDY@NBGCONSTRUCTORS.COM
NO REQUEST FOR PROPOSALS||==No Email Found==
NORTHEASTERN PAVERS, LLC|(817)573-3809|CODYBARRINGTON@YAHOO.COM
PEACHTREE CONSTRUCTION, LTD|817-741-465|JBCLARK@PEACHTREECON.COM
PINTO CONSTRUCTION CO., INC|(936)569-6155|CHINTON0810@YAHOO.COM
POSILLICO CIVIL, INC|(631)249-1872|ESTIMATINGTX@POSILLICOINC.COM
PULICE CONSTRUCTION, INC|(602)944-2241|TEXASESTIMATING@PULICE.COM
R CONSTRUCTION CIVIL, LLC|(713)334-5757|QUOTES@RCONSTRUCTIONINC.COM
RAGLE CONSTRUCTION, INC|(817)508-0051|TXESTIMATING@RAGLEINC.COM
REECE ALBERT, INC|(325)653-1241|MIKE@REECEALBERTINC.COM
RELMCO, INC|(830)741-3400|LHACKEBEIL@RELMCOINC.COM
REYTEC CONSTRUCTION RESOURCES, INC.|(713)957-4003|GREYES@REYTEC.NET
RICHARD DRAKE CONSTRUCTION COMPANY,|(903)732-4781|LDRAKE@RDCCLP.COM
RK HALL, LLC|(903)784-7280|ESTIMATING@RKHALLCONSTRUCTION.COM
ROY JORGENSEN ASSOCIATES, INC|(301)831-1000|CONTRACTING@ROYJORGENSEN.COM
SELECT MAINTENANCE, L.L.C|(817)508-0051|ESTIMATING@SELECTCOMPANYLLC.COM
SER CONSTRUCTION PARTNERS, LLC|(713)473-7900|CONTACT@SERCONSTRUCTION.NET
SUNDT CONSTRUCTION, INC|(469)886-6600|TEXASBID@SUNDT.COM
TEXAS-REYES GROUP LTD|(708)596-7100|ESTIMATINGTEXAS@REYESGROUP.COM
VULCAN MATERIALS ASPHALT AND CONSTR|(936)756-6960|TXDOTBIDSVMAC@VMCMAIL.COM
WEBBER INFRASTRUCTURE MANAGEMENT, I||==No Email Found==
WEBBER, LLC|(281)987-8787|WEBBERESTIMATING@WWEBBER.COM
WILLIAMS BROTHERS CONSTRUCTION CO.,|(713)522-9821|SSCHULGEN@WBCTX.COM
WILLIS ELECTRIC CO., LP|(325)698-3444|TOMMY@WILLISLP.COM
ZACHRY CONSTRUCTION CORPORATION|(210)871-2700|ZCCBIDS@ZACHRYCORP.COM
ZACK BURKETT CO|(940)549-0436|RS1454@AOL.COM
