Anderson County,Palestine
Andrews County,Andrews
Angelina County,Lufkin
Aransas County,Corpus Christi
Archer,Archer City
Armstrong,Claude
Atascosa,Pleasanton
Austin County,Sealy
Bailey,Muleshoe
Bandera County,Lakehills
Bastrop,Elgin
Baylor,Seymour
Bee,Beeville
Bell,Killeen
Bexar County,San Antonio
Blanco,Johnson City
Borden,Gail
Bosque County,Clifton
Bowie,Texarkana
Brazoria,Pearland
Brazos,College Station
Brewster,Alpine
Briscoe,Silverton
Brooks,Falfurrias
Brown,Brownwood
Burleson County,Caldwell
Burnet,Marble Falls
Caldwell County,San Marcos
Calhoun,Port Lavaca
Callahan,Clyde
Cameron County,Brownsville
Camp,Pittsburg
Carson,Panhandle
Cass,Atlanta
Castro,Dimmitt
Chambers,Mont Belvieu
Cherokee,Jacksonville
Childress,Childress
Clay,Henrietta
Cochran,Morton
Coke County,Robert Lee
Coleman,Coleman
Collin County,Plano
Collingsworth,Wellington
Colorado County,Columbus
Comal County,New Braunfels
Comanche,Comanche
Concho,Eden
Cooke,Gainesville
Coryell,Copperas Cove
Cottle,Paducah
Crane,Crane
Crockett,Ozona
Crosby,Ralls
Culberson County,Van Horn
Dallam,Dalhart
Dallas,Dallas
Dawson County,Lamesa
Deaf Smith,Hereford
Delta County,Cooper
Denton County,Denton
DeWitt,Cuero
Dickens,Spur
Dimmit,Carrizo Springs
Donley,Clarendon
Duval,San Diego
Eastland County,Cisco
Ector County,Odessa
Edwards,Rocksprings
Ellis,Waxahachie
El Paso,El Paso
Erath,Stephenville
Falls County,Marlin
Fannin County,Bonham
Fayette,La Grange
Fisher,Rotan
Floyd County,Floydada
Foard,Crowell
Fort Bend,Sugar Land
Franklin,Mount Vernon
Freestone,Teague
Frio County,Pearsall
Gaines,Seminole
Galveston,League City
Garza,Post
Gillespie,Fredericksburg
Glasscock County,Garden City
Goliad,Goliad
Gonzales,Gonzales
Gray,Pampa
Grayson,Sherman
Gregg County,Longview
Grimes,Navasota
Guadalupe,New Braunfels
Hale,Plainview
Hall,Memphis
Hamilton County,Hamilton
Hansford,Spearman
Hardeman,Quanah
Hardin,Lumberton
Harris,Houston
Harrison County,Marshall
Hartley,Dalhart
Haskell,Haskell
Hays,San Marcos
Hemphill,Canadian
Henderson,Athens
Hidalgo,McAllen
Hill,Hillsboro
Hockley,Levelland
Hood,Granbury
Hopkins,Sulphur Springs
Houston,Crockett
Howard,Big Spring
Hudspeth,Fort Hancock
Hunt,Greenville
Hutchinson,Borger
Irion County,Mertzon
Jack,Jacksboro
Jackson,Edna
Jasper,Jasper
Jeff Davis,Fort Davis
Jefferson,Beaumont
Jim Hogg,Hebbronville
Jim Wells,Alice
Johnson,Cleburne
Jones,Stamford
Karnes,Kenedy
Kaufman,Forney
Kendall,Boerne
Kenedy County,Sarita
Kent County,Jayton
Kerr County,Kerrville
Kimble County,Junction
King,Guthrie
Kinney,Brackettville
Kleberg,Kingsville
Knox,Munday
Lamar,Paris
Lamb,Littlefield
Lampasas,Lampasas
La Salle,Cotulla
Lavaca County,Hallettsville
Lee,Giddings
Leon,Buffalo
Liberty,Dayton
Limestone,Mexia
Lipscomb,Booker
Live Oak County,George West
Llano,Kingsland
Loving County,Mentone
Lubbock,Lubbock
Lynn County,Tahoka
McCulloch,Brady
McLennan,Waco
McMullen,Tilden
Madison,Madisonville
Marion,Jefferson
Martin,Stanton
Mason,Mason
Matagorda,Bay City
Maverick,Eagle Pass
Medina,Hondo
Menard County,Menard
Midland,Midland
Milam,Rockdale
Mills,Goldthwaite
Mitchell,Colorado City
Montague,Bowie
Montgomery,The Woodlands
Moore,Dumas
Morris County,Daingerfield
Motley,Matador
Nacogdoches,Nacogdoches
Navarro,Corsicana
Newton,Newton
Nolan,Sweetwater
Nueces,Corpus Christi
Ochiltree,Perryton
Oldham,Vega
Orange County,Orange
Palo Pinto County,Mineral Wells
Panola County,Carthage
Parker,Weatherford
Parmer,Friona
Pecos,Fort Stockton
Polk,West Livingston
Potter,Amarillo
Presidio,Presidio
Rains,Emory
Randall,Amarillo
Reagan,Big Lake
Real,Camp Wood
Red River,Clarksville
Reeves,Pecos
Refugio,Refugio
Roberts County,Miami
Robertson,Hearne
Rockwall,Dallas
Runnels,Ballinger
Rusk,Henderson
Sabine,Milam
San Augustine,San Augustine
San Jacinto,Shepherd
San Patricio County,Corpus Christi
San Saba,San Saba
Schleicher County,Eldorado
Scurry,Snyder
Shackelford,Albany
Shelby,Center
Sherman,Stratford
Smith,Tyler
Somervell,Glen Rose
Starr,Rio Grande City
Stephens,Breckenridge
Sterling,Sterling City
Stonewall,Aspermont
Sutton,Sonora
Swisher,Tulia
Tarrant,Fort Worth
Taylor,Abilene
Terrell,Sanderson
Terry County,Brownfield
Throckmorton,Throckmorton
Titus,Mount Pleasant
Tom Green County,San Angelo
Travis,Austin
Trinity,Trinity
Tyler,Woodville
Upshur,Gladewater
Upton,McCamey
Uvalde,Uvalde
Val Verde,Del Rio
Van Zandt,Canton
Victoria,Victoria
Walker,Huntsville
Waller County,Prairie View
Ward,Monahans
Washington,Brenham
Webb County,Laredo
Wharton County,El Campo
Wheeler,Shamrock
Wichita,Wichita Falls
Wilbarger,Vernon
Willacy,Raymondville
Williamson,Round Rock
Wilson,Floresville
Winkler County,Kermit
Wise,Decatur
Wood,Mineola
Yoakum,Denver City
Young,Graham
Zapata County,Zapata
Zavala County,Crystal City
